seed,num_agents,num_tasks,map_width,map_height,num_hazards,p_f,setup_time,calculation_time,success,total_runtime,error_message,experiment_type,pf_value
0,3,5,16,32,1,0.002,,,0,9.160721674561501e-07,Connect _call_existing_single_experiment() to your real planner function.,2b_success_pf,0.002
1,3,5,16,32,1,0.002,,,0,2.909218892455101e-07,Connect _call_existing_single_experiment() to your real planner function.,2b_success_pf,0.002
2,3,5,16,32,1,0.002,,,0,3.33995558321476e-07,Connect _call_existing_single_experiment() to your real planner function.,2b_success_pf,0.002
3,3,5,16,32,1,0.002,,,0,2.9103830456733704e-07,Connect _call_existing_single_experiment() to your real planner function.,2b_success_pf,0.002
4,3,5,16,32,1,0.002,,,0,2.919696271419525e-07,Connect _call_existing_single_experiment() to your real planner function.,2b_success_pf,0.002
5,3,5,16,32,1,0.002,,,0,2.909218892455101e-07,Connect _call_existing_single_experiment() to your real planner function.,2b_success_pf,0.002
6,3,5,16,32,1,0.002,,,0,2.50060111284256e-07,Connect _call_existing_single_experiment() to your real planner function.,2b_success_pf,0.002
7,3,5,16,32,1,0.002,,,0,2.4994369596242905e-07,Connect _call_existing_single_experiment() to your real planner function.,2b_success_pf,0.002
8,3,5,16,32,1,0.002,,,0,2.50060111284256e-07,Connect _call_existing_single_experiment() to your real planner function.,2b_success_pf,0.002
9,3,5,16,32,1,0.002,,,0,2.0803418010473251e-07,Connect _call_existing_single_experiment() to your real planner function.,2b_success_pf,0.002
0,3,5,16,32,1,0.004,,,0,6.670597940683365e-07,Connect _call_existing_single_experiment() to your real planner function.,2b_success_pf,0.004
1,3,5,16,32,1,0.004,,,0,4.159519448876381e-07,Connect _call_existing_single_experiment() to your real planner function.,2b_success_pf,0.004
2,3,5,16,32,1,0.004,,,0,3.33995558321476e-07,Connect _call_existing_single_experiment() to your real planner function.,2b_success_pf,0.004
3,3,5,16,32,1,0.004,,,0,2.4994369596242905e-07,Connect _call_existing_single_experiment() to your real planner function.,2b_success_pf,0.004
4,3,5,16,32,1,0.004,,,0,2.919696271419525e-07,Connect _call_existing_single_experiment() to your real planner function.,2b_success_pf,0.004
5,3,5,16,32,1,0.004,,,0,3.7497375160455704e-07,Connect _call_existing_single_experiment() to your real planner function.,2b_success_pf,0.004
6,3,5,16,32,1,0.004,,,0,2.919696271419525e-07,Connect _call_existing_single_experiment() to your real planner function.,2b_success_pf,0.004
7,3,5,16,32,1,0.004,,,0,2.919696271419525e-07,Connect _call_existing_single_experiment() to your real planner function.,2b_success_pf,0.004
8,3,5,16,32,1,0.004,,,0,2.50060111284256e-07,Connect _call_existing_single_experiment() to your real planner function.,2b_success_pf,0.004
9,3,5,16,32,1,0.004,,,0,2.4994369596242905e-07,Connect _call_existing_single_experiment() to your real planner function.,2b_success_pf,0.004
0,3,5,16,32,1,0.008,,,0,3.7497375160455704e-07,Connect _call_existing_single_experiment() to your real planner function.,2b_success_pf,0.008
1,3,5,16,32,1,0.008,,,0,3.7497375160455704e-07,Connect _call_existing_single_experiment() to your real planner function.,2b_success_pf,0.008
2,3,5,16,32,1,0.008,,,0,2.919696271419525e-07,Connect _call_existing_single_experiment() to your real planner function.,2b_success_pf,0.008
3,3,5,16,32,1,0.008,,,0,2.919696271419525e-07,Connect _call_existing_single_experiment() to your real planner function.,2b_success_pf,0.008
4,3,5,16,32,1,0.008,,,0,2.4994369596242905e-07,Connect _call_existing_single_experiment() to your real planner function.,2b_success_pf,0.008
5,3,5,16,32,1,0.008,,,0,2.50060111284256e-07,Connect _call_existing_single_experiment() to your real planner function.,2b_success_pf,0.008
6,3,5,16,32,1,0.008,,,0,2.9103830456733704e-07,Connect _call_existing_single_experiment() to your real planner function.,2b_success_pf,0.008
7,3,5,16,32,1,0.008,,,0,2.919696271419525e-07,Connect _call_existing_single_experiment() to your real planner function.,2b_success_pf,0.008
8,3,5,16,32,1,0.008,,,0,2.4994369596242905e-07,Connect _call_existing_single_experiment() to your real planner function.,2b_success_pf,0.008
9,3,5,16,32,1,0.008,,,0,2.9208604246377945e-07,Connect _call_existing_single_experiment() to your real planner function.,2b_success_pf,0.008
0,3,5,16,32,1,0.012,,,0,5.00003807246685e-07,Connect _call_existing_single_experiment() to your real planner function.,2b_success_pf,0.012
1,3,5,16,32,1,0.012,,,0,2.919696271419525e-07,Connect _call_existing_single_experiment() to your real planner function.,2b_success_pf,0.012
2,3,5,16,32,1,0.012,,,0,3.3294782042503357e-07,Connect _call_existing_single_experiment() to your real planner function.,2b_success_pf,0.012
3,3,5,16,32,1,0.012,,,0,2.919696271419525e-07,Connect _call_existing_single_experiment() to your real planner function.,2b_success_pf,0.012
4,3,5,16,32,1,0.012,,,0,2.4994369596242905e-07,Connect _call_existing_single_experiment() to your real planner function.,2b_success_pf,0.012
5,3,5,16,32,1,0.012,,,0,2.9103830456733704e-07,Connect _call_existing_single_experiment() to your real planner function.,2b_success_pf,0.012
6,3,5,16,32,1,0.012,,,0,2.50060111284256e-07,Connect _call_existing_single_experiment() to your real planner function.,2b_success_pf,0.012
7,3,5,16,32,1,0.012,,,0,1.7919810488820076e-06,Connect _call_existing_single_experiment() to your real planner function.,2b_success_pf,0.012
8,3,5,16,32,1,0.012,,,0,5.420297384262085e-07,Connect _call_existing_single_experiment() to your real planner function.,2b_success_pf,0.012
9,3,5,16,32,1,0.012,,,0,2.919696271419525e-07,Connect _call_existing_single_experiment() to your real planner function.,2b_success_pf,0.012
0,3,5,16,32,1,0.016,,,0,3.2080570235848427e-06,Connect _call_existing_single_experiment() to your real planner function.,2b_success_pf,0.016
1,3,5,16,32,1,0.016,,,0,9.998911991715431e-07,Connect _call_existing_single_experiment() to your real planner function.,2b_success_pf,0.016
2,3,5,16,32,1,0.016,,,0,7.080379873514175e-07,Connect _call_existing_single_experiment() to your real planner function.,2b_success_pf,0.016
3,3,5,16,32,1,0.016,,,0,4.5797787606716156e-07,Connect _call_existing_single_experiment() to your real planner function.,2b_success_pf,0.016
4,3,5,16,32,1,0.016,,,0,1.3875076547265053e-05,Connect _call_existing_single_experiment() to your real planner function.,2b_success_pf,0.016
5,3,5,16,32,1,0.016,,,0,1.9579892978072166e-06,Connect _call_existing_single_experiment() to your real planner function.,2b_success_pf,0.016
6,3,5,16,32,1,0.016,,,0,1.250067725777626e-06,Connect _call_existing_single_experiment() to your real planner function.,2b_success_pf,0.016
7,3,5,16,32,1,0.016,,,0,7.499475032091141e-07,Connect _call_existing_single_experiment() to your real planner function.,2b_success_pf,0.016
8,3,5,16,32,1,0.016,,,0,4.5797787606716156e-07,Connect _call_existing_single_experiment() to your real planner function.,2b_success_pf,0.016
9,3,5,16,32,1,0.016,,,0,3.7497375160455704e-07,Connect _call_existing_single_experiment() to your real planner function.,2b_success_pf,0.016
0,3,5,16,32,1,0.02,,,0,1.00000761449337e-06,Connect _call_existing_single_experiment() to your real planner function.,2b_success_pf,0.02
1,3,5,16,32,1,0.02,,,0,4.1606836020946503e-07,Connect _call_existing_single_experiment() to your real planner function.,2b_success_pf,0.02
2,3,5,16,32,1,0.02,,,0,3.330642357468605e-07,Connect _call_existing_single_experiment() to your real planner function.,2b_success_pf,0.02
3,3,5,16,32,1,0.02,,,0,2.50060111284256e-07,Connect _call_existing_single_experiment() to your real planner function.,2b_success_pf,0.02
4,3,5,16,32,1,0.02,,,0,2.50060111284256e-07,Connect _call_existing_single_experiment() to your real planner function.,2b_success_pf,0.02
5,3,5,16,32,1,0.02,,,0,2.50060111284256e-07,Connect _call_existing_single_experiment() to your real planner function.,2b_success_pf,0.02
6,3,5,16,32,1,0.02,,,0,2.919696271419525e-07,Connect _call_existing_single_experiment() to your real planner function.,2b_success_pf,0.02
7,3,5,16,32,1,0.02,,,0,2.919696271419525e-07,Connect _call_existing_single_experiment() to your real planner function.,2b_success_pf,0.02
8,3,5,16,32,1,0.02,,,0,2.4994369596242905e-07,Connect _call_existing_single_experiment() to your real planner function.,2b_success_pf,0.02
9,3,5,16,32,1,0.02,,,0,3.3294782042503357e-07,Connect _call_existing_single_experiment() to your real planner function.,2b_success_pf,0.02
